uf,cidade,distancia_km,taxa_coleta_rs
SP,ARUJA,26,0
SP,BARUERI,44,20
SP,CAIEIRAS,51,59
SP,CAJAMAR,57,46
SP,CARAPICUIBA,41,59
SP,COTIA,58,45
SP,DIADEMA,37,0
SP,FERRAZ DE VASCONCELOS,37,45
SP,FRANCISCO MORATO,60,45
SP,FRANCO DA ROCHA,43,45
SP,GUARULHOS,1,0
SP,ITAPEVI,0,0
SP,ITAQUAQUECETUBA,28,0
SP,JANDIRA,48,0
SP,MAIRIPORA,24,45
SP,MAUA,36,0
SP,MOGI DAS CRUZES,48,45
SP,OSASCO,36,0
SP,POA,36,0
SP,RIBEIRAO PIRES,44,45
SP,SANTANA DE PARNAIBA,54,45
SP,SANTO ANDRE,35,0
SP,SAO BERNARDO DO CAMPO,33,0
SP,SAO CAETANO DO SUL,25,0
SP,SAO PAULO,20,0
SP,TABOAO DA SERRA,58,20
