sigla,uf,descricao_destino,linha_na_proposta,ate_20kg,ate_30kg,ate_50kg,ate_70kg,ate_100kg,ate_150kg,kg_excedente,gris_adv_pct_nf,tipo_taxa_fixa,taxa_fixa_rs,trt_pct_sobre_frete,pedagio_rs_por_100kg,taxa_despacho_rs,prazo_texto_proposta,observacao
RACI,AC,Interior J(SIGLA) RACI,104,,,,,267.0,,3.6,0.0102,TAS,,,6.0,38.0,15 a 22 dias uteis,
RACP,AC,Capital - J(SIGLA) RACP,103,,,,,228.0,,2.33,0.0102,TAS,,,6.0,38.0,8 a 15 dias uteis,
RALI,AL,Interior (W) RALI,59,,,,,395.0,,2.65,0.006,TAS,2.6,,6.9,,9 a 10 dias uteis,Planilha Rispar apontava linha da capital; corrigido para a linha propria (confirmar com a transportadora)
RALP,AL,Capital - (W) RALP,58,,,,,277.0,,2.38,0.006,TAS,2.6,,6.9,,6 a 8 dias uteis,
RAMP,AM,Capital - E(SIGLA) RAMP,106,,,,,437.0,,4.18,0.01,TAS,,,10.4,51.0,20 dias uteis,
RAPP,AP,Capital - E(SIGLA) RAPP,111,,,,,491.0,,4.8,0.01,TAS,,,10.4,51.0,22 dias uteis,
CENI,BA,Interior 2 Central CENI,53,,,,,255.0,,2.55,0.006,TAS,2.6,,6.9,50.0,9 a 14 dias uteis,Aba CEP da Rispar desloca as faixas de peso da BA; usado o cabecalho da proposta (30/50/70/100/150)
CENP,BA,Interior 1 Central CENP,52,,,,,182.0,,1.55,0.006,TAS,2.6,,6.9,50.0,9 a 14 dias uteis,Aba CEP da Rispar desloca as faixas de peso da BA; usado o cabecalho da proposta (30/50/70/100/150)
RBAI,BA,Interior (P) RBAI,49,,,,,484.0,682.0,3.98,0.006,TAS,6.0,,7.4,,7 a 13 dias uteis,Aba CEP da Rispar desloca as faixas de peso da BA; usado o cabecalho da proposta (30/50/70/100/150)
RBAP,BA,Capital - (W) RBAP,47,,,,,235.0,,1.75,0.006,TAS,2.6,,6.9,,6 a 8 dias uteis,Aba CEP da Rispar desloca as faixas de peso da BA; usado o cabecalho da proposta (30/50/70/100/150)
RBAR,BA,Regional (W) RBAR,48,,,,,315.0,,1.96,0.006,TAS,2.6,,6.9,,7 a 9 dias uteis,Planilha Rispar apontava linha da capital; corrigido para a linha propria (confirmar com a transportadora); Aba CEP da Rispar desloca as faixas de peso da BA; usado o cabecalho da proposta (30/50/70/100/150)
TEXI,BA,Interior Teixeira de Freitas (W) TEXI,51,,,,,342.0,,2.16,0.006,TAS,2.6,,6.9,,9 a 14 dias uteis,Aba CEP da Rispar desloca as faixas de peso da BA; usado o cabecalho da proposta (30/50/70/100/150)
TEXP,BA,Capital Teixeira de Freitas (W) TEXP,50,,,,,235.0,,1.44,0.006,TAS,2.6,,6.9,,7 a 9 dias uteis,Aba CEP da Rispar desloca as faixas de peso da BA; usado o cabecalho da proposta (30/50/70/100/150)
RCEI,CE,Interior (D) RCEI,71,,,,,455.0,,2.99,0.006,TAS,2.54,,7.73,,10 a 14 dias uteis,
RCEP,CE,Capital - (D) RCEP,70,,,,,219.0,,1.99,0.006,TAS,2.54,,7.73,,9 a 10 dias uteis,
PANI,DF,Capital PN (SIGLA) RDFP,92,,,,,182.0,,1.24,0.006,TRT,,,7.93,22.0,4 a 5 dias uteis,
ATLI,ES,Interior II (A) ATLI,21,,,,,220.0,,2.2,0.006,TAS,2.6,,6.9,,5 a 7 dias uteis,
RESI,ES,Interior (W) RESI,22,,,,,266.0,,2.38,0.006,TAS,2.6,,6.9,,5 a 7 dias uteis,
RESP,ES,Capital - (W) RESP,19,,,,,149.0,,1.2,0.006,TAS,2.6,,6.9,,3 a 4 dias uteis,
PANP,GO,Capital PN (SIGLA) PANP,89,,,,,146.0,,1.09,0.006,TRT,,,7.93,22.0,4 a 5 dias uteis,
RGOI,GO,Interior B (SIGLA) RGOI,90,,,,,182.0,,1.84,0.006,TRT,,,7.93,22.0,5 a 7 dias uteis,
RMAI,MA,Interior (RD) (SIGLA) RMAI,77,,,,,437.0,,2.49,0.006,TAS,,,7.33,27.0,10 a 14 dias uteis,Planilha Rispar apontava linha da capital; corrigido para a linha propria (confirmar com a transportadora)
RMAP,MA,Capital - (RD) (SIGLA) RMAP,76,,,,,437.0,,2.49,0.006,TAS,,,7.33,27.0,10 a 14 dias uteis,
GRFI,MG,Interior (SIGLA) GRFI,17,,,,,185.0,,1.67,0.006,TAS,,,9.0,35.0,até 10 dias uteis,
RBHP,MG,BH- Betim - Contagem (SIGLA) RBHP,15,,,,,97.0,,0.89,0.006,TAS,,,9.0,53.0,3 a  4 dias uteis,
RBHR,MG,Reg Metrop BH (SIGLA) RBHR,16,,,,,106.0,,0.94,0.006,TAS,,,9.0,61.0,4 a 6 dias uteis,
RMSI,MS,Interior B (SIGLA) RMSI,87,,,208.0,,,,2.11,0.006,TRT,,,7.93,22.0,10 a 11 dias uteis,
RMSP,MS,Capita B (SIGLA) RMSP,85,,,153.0,,,,1.24,0.006,TRT,,0.07,7.93,22.0,5 a 6 dias uteis,
RMSR,MS,Interior B (SIGLA) RMSR,86,,,181.0,,,,1.84,0.006,TRT,,,7.93,22.0,10 a 11 dias uteis,
PANR,MT,Capital PN (SIGLA) PANR,80,,,180.0,,,,1.5,0.006,TRT,,,7.93,22.0,5 a 6 dias uteis,
RMTI,MT,Interior B (SIGLA) RMTI,83,,,240.0,,,,2.6,0.006,TRT,,,7.93,22.0,10 a 11 dias uteis,
RMTR,MT,Interior B (SIGLA) RMTR,82,,,210.0,,,,2.25,0.006,TRT,,,7.93,22.0,10 a 11 dias uteis,
RPAP,PA,Capital T (SIGLA) RPAP,98,,,,,219.0,,2.19,0.0102,TAS,5.0,,6.7,54.0,10 a 12 dias uteis,
RPBI,PB,Interior (P) RPBI,65,,211.0,306.0,357.0,459.0,648.0,4.76,0.006,TAS,6.0,,7.4,,9 a 12 dias uteis,
RPBP,PB,Capital - (P) RPBP,64,,164.0,239.0,277.0,357.0,504.0,3.44,0.006,TAS,6.0,,7.4,,8 a 9 dias uteis,
RPEP,PE,Capital - (P) RPEP,61,,160.0,233.0,271.0,349.0,493.0,3.07,0.006,TAS,6.0,,7.4,,8 a 10 dias uteis,
TRPI,PE,Interior 2 (P) TRPI,62,,210.0,306.0,357.0,459.0,648.0,4.51,0.006,TAS,6.0,,7.4,,11 a 11 dias uteis,
RPII,PI,Interior (RD) (SIGLA) RPII,74,,,,,428.0,,2.49,0.006,TAS,,,7.33,27.0,10 a 14 dias uteis,
RPIP,PI,Capital - (RD) (SIGLA) RPIP,73,,,,,246.0,,1.95,0.006,TAS,,,7.33,27.0,9 a 10 dias uteis,
APUI,PR,INTERIOR (LDAI / MGAI / APUI),26,,,,,173.0,,2.36,0.006,TAS,6.7,,11.0,27.0,4 a 5 dias uteis,
CWBI,PR,CAPITAL,25,,,,,80.0,,0.91,0.006,TAS,6.7,,11.0,27.0,3 a 4 dias uteis,
LDAI,PR,INTERIOR (LDAI / MGAI / APUI),26,,,,,173.0,,2.36,0.006,TAS,6.7,,11.0,27.0,4 a 5 dias uteis,
MGAI,PR,INTERIOR (LDAI / MGAI / APUI),26,,,,,173.0,,2.36,0.006,TAS,6.7,,11.0,27.0,4 a 5 dias uteis,
BMAI,RJ,Interior II - (BMAI/ GOYI/ LAGI),9,,,,,125.0,,1.27,0.006,TAS,6.67,,6.4,27.0,4 a 6 dias uteis,
BMAR,RJ,Interior I - (BMAR / GOYR/ LAGR/ RIOR/ UNIP),8,,,,,119.0,,1.18,0.006,TAS,6.67,,6.4,27.0,3 a 5 dias uteis,
GOYI,RJ,Interior II - (BMAI/ GOYI/ LAGI),9,,,,,125.0,,1.27,0.006,TAS,6.67,,6.4,27.0,4 a 6 dias uteis,
GOYR,RJ,Interior I - (BMAR / GOYR/ LAGR/ RIOR/ UNIP),8,,,,,119.0,,1.18,0.006,TAS,6.67,,6.4,27.0,3 a 5 dias uteis,
LAGI,RJ,Interior II - (BMAI/ GOYI/ LAGI),9,,,,,125.0,,1.27,0.006,TAS,6.67,,6.4,27.0,4 a 6 dias uteis,
LAGR,RJ,Interior I - (BMAR / GOYR/ LAGR/ RIOR/ UNIP),8,,,,,119.0,,1.18,0.006,TAS,6.67,,6.4,27.0,3 a 5 dias uteis,
RIOP,RJ,Capital - (SIGLA)RIOP,7,,,,,91.0,,0.74,0.006,TAS,,,6.4,,2 a 3 dias uteis,
RIOR,RJ,Interior I - (BMAR / GOYR/ LAGR/ RIOR/ UNIP),8,,,,,119.0,,1.18,0.006,TAS,6.67,,6.4,27.0,3 a 5 dias uteis,
UNIP,RJ,Interior I - (BMAR / GOYR/ LAGR/ RIOR/ UNIP),8,,,,,119.0,,1.18,0.006,TAS,6.67,,6.4,27.0,3 a 5 dias uteis,
RRNI,RN,Interior (BJ) RRNI,68,,,,,455.0,,2.73,0.006,TAS,2.54,,7.73,,9 a 12 dias uteis,
RRNP,RN,Capital - (BJ) RRNP,67,,,,,328.0,,2.05,0.006,TAS,2.54,,7.73,,8 a 9 dias uteis,
RROI,RO,Interior J(SIGLA) RROI,101,,,,,215.0,,1.64,0.0102,TAS,,,6.0,38.0,15 a 22 dias uteis,
RROP,RO,Capital - J(SIGLA) RROP,100,,,,,200.0,,1.53,0.0102,TAS,,,6.0,38.0,8 a 15 dias uteis,
RRRI,RR,Interior E(SIGLA) RRRI,109,,,,,673.0,,6.65,0.01,TAS,,,10.4,51.0,25 dias uteis,
RRRP,RR,Capital - E(SIGLA) RRRP,108,,,,,573.0,,5.69,0.01,TAS,,,10.4,51.0,22 dias uteis,
CXSP,RS,CAXIAS DO SUL (SIGLA) CXS,42,183.1818,187.3455,201.9273,218.5636,281.0182,,1.6727,0.006,TAS,6.6667,,7.0533,0.0,4 a 7 dias uteis,
POAP,RS,NVO HAMBURGO / POA,41,164.4545,168.6182,172.7818,176.9455,201.9273,,1.4909,0.006,TAS,6.6667,,7.0533,0.0,4 a 7 dias uteis,
RSIP,RS,RSI POLO (SIGLA) RSIP,43,233.1455,237.3091,241.4727,245.6364,312.2545,,2.0727,0.006,TAS,6.6667,,7.0533,0.0,6 a 10 dias uteis,
RSIR,RS,RSI REGIONAL (SIGLA) RSIR,44,253.9636,258.1273,262.2909,270.6182,333.0545,,2.4545,0.006,TAS,6.6667,,7.0533,0.0,6 a 10 dias uteis,
BLUP,SC,BLUMENAU (SIGLA) BLU,28,149.8727,154.0364,158.2,162.3636,187.3455,,1.0909,0.006,TAS,7.0,,7.0533,0.0,4 a 7 dias uteis,
CHAP,SC,CHAPECÓ (SIGLA) CHA,29,201.9273,206.0909,210.2364,214.4,291.4364,,1.7091,0.006,TAS,6.6667,,7.0533,0.0,4 a 7 dias uteis,
CRIP,SC,CRICIÚMA (SIGLA) CRI,30,160.2909,164.4545,168.6182,172.7818,197.7636,,1.1818,0.006,TAS,6.6667,,7.0533,0.0,4 a 7 dias uteis,
FLNP,SC,FLORIANÓPOLIS (SIGLA) FLN,31,149.8727,154.0364,158.2,162.3636,187.3455,,1.0909,0.006,TAS,6.6667,,7.0533,0.0,4 a 7 dias uteis,
ITJP,SC,ITAJAI (SIGLA) ITJ,32,149.8727,154.0364,158.2,162.3636,187.3455,,1.0909,0.006,TAS,6.6667,,7.0533,0.0,4 a 7 dias uteis,
JOAP,SC,JOAÇABA (SIGLA) JOA,34,149.8727,154.0364,158.2,162.3636,187.3455,,1.0909,0.006,TAS,6.6667,,7.0533,0.0,4 a 7 dias uteis,
JRSP,SC,JARAGUÁ DO SUL (SIGLA)JRS,33,149.8727,154.0364,158.2,162.3636,187.3455,,1.0909,0.006,TAS,6.6667,,7.0533,0.0,4 a 7 dias uteis,
JVLP,SC,JOINVILLE (SIGLA) JVL,35,164.4545,168.6182,172.7818,176.9455,201.9273,,1.1818,0.006,TAS,6.6667,,7.0533,0.0,4 a 7 dias uteis,
LGSP,SC,LAGES (SIGLA) LGS,36,164.4545,168.6182,172.7818,176.9455,201.9273,,1.1818,0.006,TAS,6.6667,,7.0533,0.0,4 a 7 dias uteis,
RDSP,SC,RIO DO SUL (SIGLA) RDS,37,160.2909,164.4545,168.6182,172.7818,197.7636,,1.1818,0.006,TAS,6.6667,,7.0533,0.0,4 a 7 dias uteis,
SBSP,SC,SÃO BENTO DO SUL (SIGLA) SBS,38,149.8727,154.0364,158.2,162.3636,187.3455,,1.0909,0.006,TAS,6.6667,,7.0533,0.0,4 a 7 dias uteis,
TUBP,SC,TUBARÃO (SIGLA) TUB,39,160.2909,164.4545,168.6182,172.7818,197.7636,,1.1818,0.006,TAS,6.6667,,7.0533,0.0,4 a 7 dias uteis,
RSEI,SE,Interior (W) RSEI,56,,,,,395.0,,2.49,0.006,TAS,2.6,,6.9,,9 a 10 dias uteis,
RSEP,SE,Capital - (W) RSEP,55,,,,,295.0,,1.98,0.006,TAS,2.6,,6.9,,6 a 8 dias uteis,
RIPP,SP,São Paulo CAP (SIGLA) RIPP,11,41.0,43.0,51.0,78.0,81.0,,0.72,0.006,TAS,4.0,,6.2,15.0,2 a 3 dias uteis,
SSOP,SP,São Paulo INT 2 (SIGLA) SSOP,12,42.0,52.0,71.0,90.0,120.0,,0.95,0.006,TAS,,,9.1,38.0,3 a 5 dias uteis,
SSOP MOVEL,SP,São Paulo CAP/ INT (SIGLA) RIPP SSOP,13,57.0,75.0,111.0,148.0,201.0,,1.82,0.006,TAS,,,14.0,54.0,3 a 5 dias uteis,
RTOI,TO,Interior PN (SIGLA) RTOI,96,,,,,271.0,,2.71,0.006,TAS,,,7.93,22.0,15 a 16 dias uteis,
RTOP,TO,Capital PN (SIGLA) RTOP,95,,,,,219.0,,2.18,0.006,TAS,,,7.93,22.0,10 a 11 dias uteis,
